<?xml version="1.0" encoding="UTF-8"?>
<!DOCTYPE suite SYSTEM "http://testng.org/testng-1.0.dtd">
<suite thread-count="1" guice-stage="DEVELOPMENT" verbose="2" name="Failed suite [Suite1]">
  <parameter name="IP" value="148.147.162.221"/>
  <parameter name="VMName" value="US-7.0.0.0.0.12-e55-01_OVF10.ova"/>
  <test name="Host(failed)">
    <classes>
      <class name="com.avaya.sdmclient.location.Location">
        <methods>
          <include name="setup"/>
        </methods>
      </class> <!-- com.avaya.sdmclient.location.Location -->
      <class name="com.avaya.sdmclient.automation.total">
        <methods>
          <include name="setup"/>
          <include name="setup"/>
          <include name="setup"/>
          <include name="setup"/>
          <include name="setup"/>
          <include name="setup"/>
          <include name="setup"/>
        </methods>
      </class> <!-- com.avaya.sdmclient.automation.total -->
      <class name="com.avaya.sdmclient.host.Host">
        <methods>
          <include name="addLocation"/>
          <include name="editLocation"/>
          <include name="setup"/>
          <include name="deleteLocation"/>
        </methods>
      </class> <!-- com.avaya.sdmclient.host.Host -->
    </classes>
  </test> <!-- Host(failed) -->
  <test name="AES-7.0.0.0.0.13.20150629-e50-00.ova(failed)">
    <parameter name="IP" value="148.147.162.221"/>
    <parameter name="VMName" value="AES-7.0.0.0.0.13.20150629-e50-00.ova"/>
    <classes>
      <class name="com.avaya.sdmclient.location.Location">
        <methods>
          <include name="setup"/>
        </methods>
      </class> <!-- com.avaya.sdmclient.location.Location -->
      <class name="com.avaya.sdmclient.automation.total">
        <methods>
          <include name="addLocation"/>
          <include name="StopVM" invocation-numbers="0"/>
          <include name="editLocation"/>
          <include name="EditVM" invocation-numbers="0"/>
          <include name="addVM" invocation-numbers="0"/>
          <include name="deleteLocation"/>
          <include name="setup"/>
          <include name="setup"/>
          <include name="setup"/>
          <include name="setup"/>
          <include name="setup"/>
          <include name="setup"/>
          <include name="setup"/>
          <include name="StartVM" invocation-numbers="0"/>
          <include name="DeleteVM" invocation-numbers="0"/>
          <include name="RefreshVM" invocation-numbers="0"/>
        </methods>
      </class> <!-- com.avaya.sdmclient.automation.total -->
      <class name="com.avaya.sdmclient.host.Host">
        <methods>
          <include name="setup"/>
        </methods>
      </class> <!-- com.avaya.sdmclient.host.Host -->
    </classes>
  </test> <!-- AES-7.0.0.0.0.13.20150629-e50-00.ova(failed) -->
  <test name="BSM-7.0.0.0.700007-e55-02.ova(failed)">
    <parameter name="IP" value="148.147.162.221"/>
    <parameter name="VMName" value="BSM-7.0.0.0.700007-e55-02.ova"/>
    <classes>
      <class name="com.avaya.sdmclient.location.Location">
        <methods>
          <include name="setup"/>
        </methods>
      </class> <!-- com.avaya.sdmclient.location.Location -->
      <class name="com.avaya.sdmclient.automation.total">
        <methods>
          <include name="addLocation"/>
          <include name="editLocation"/>
          <include name="EditVM" invocation-numbers="0"/>
          <include name="addVM" invocation-numbers="0"/>
          <include name="deleteLocation"/>
          <include name="setup"/>
          <include name="setup"/>
          <include name="setup"/>
          <include name="setup"/>
          <include name="setup"/>
          <include name="setup"/>
          <include name="setup"/>
          <include name="RefreshVM" invocation-numbers="0"/>
        </methods>
      </class> <!-- com.avaya.sdmclient.automation.total -->
      <class name="com.avaya.sdmclient.host.Host">
        <methods>
          <include name="setup"/>
        </methods>
      </class> <!-- com.avaya.sdmclient.host.Host -->
    </classes>
  </test> <!-- BSM-7.0.0.0.700007-e55-02.ova(failed) -->
  <test name="CM-Simplex-07.0.0.0.441-e55-0.ova(failed)">
    <parameter name="IP" value="148.147.162.221"/>
    <parameter name="VMName" value="CM-Simplex-07.0.0.0.441-e55-0.ova"/>
    <classes>
      <class name="com.avaya.sdmclient.location.Location">
        <methods>
          <include name="setup"/>
        </methods>
      </class> <!-- com.avaya.sdmclient.location.Location -->
      <class name="com.avaya.sdmclient.automation.total">
        <methods>
          <include name="addLocation"/>
          <include name="StopVM" invocation-numbers="0"/>
          <include name="editLocation"/>
          <include name="EditVM" invocation-numbers="0"/>
          <include name="addVM" invocation-numbers="0"/>
          <include name="deleteLocation"/>
          <include name="setup"/>
          <include name="setup"/>
          <include name="setup"/>
          <include name="setup"/>
          <include name="setup"/>
          <include name="setup"/>
          <include name="setup"/>
          <include name="StartVM" invocation-numbers="0"/>
          <include name="DeleteVM" invocation-numbers="0"/>
          <include name="RefreshVM" invocation-numbers="0"/>
        </methods>
      </class> <!-- com.avaya.sdmclient.automation.total -->
      <class name="com.avaya.sdmclient.host.Host">
        <methods>
          <include name="setup"/>
        </methods>
      </class> <!-- com.avaya.sdmclient.host.Host -->
    </classes>
  </test> <!-- CM-Simplex-07.0.0.0.441-e55-0.ova(failed) -->
  <test name="CMM-07.0.0.0.441-e55-0.ova(failed)">
    <parameter name="IP" value="148.147.162.221"/>
    <parameter name="VMName" value="CMM-07.0.0.0.441-e55-0.ova"/>
    <classes>
      <class name="com.avaya.sdmclient.location.Location">
        <methods>
          <include name="setup"/>
        </methods>
      </class> <!-- com.avaya.sdmclient.location.Location -->
      <class name="com.avaya.sdmclient.automation.total">
        <methods>
          <include name="addLocation"/>
          <include name="StopVM" invocation-numbers="0"/>
          <include name="editLocation"/>
          <include name="EditVM" invocation-numbers="0"/>
          <include name="addVM" invocation-numbers="0"/>
          <include name="deleteLocation"/>
          <include name="setup"/>
          <include name="setup"/>
          <include name="setup"/>
          <include name="setup"/>
          <include name="setup"/>
          <include name="setup"/>
          <include name="setup"/>
          <include name="StartVM" invocation-numbers="0"/>
          <include name="DeleteVM" invocation-numbers="0"/>
          <include name="RefreshVM" invocation-numbers="0"/>
        </methods>
      </class> <!-- com.avaya.sdmclient.automation.total -->
      <class name="com.avaya.sdmclient.host.Host">
        <methods>
          <include name="setup"/>
        </methods>
      </class> <!-- com.avaya.sdmclient.host.Host -->
    </classes>
  </test> <!-- CMM-07.0.0.0.441-e55-0.ova(failed) -->
  <test name="SecureAccessLinkGateway-2.5.1.0-vApp-e55-08.ova(failed)">
    <parameter name="IP" value="148.147.162.221"/>
    <parameter name="VMName" value="SecureAccessLinkGateway-2.5.1.0-vApp-e55-08.ova"/>
    <classes>
      <class name="com.avaya.sdmclient.location.Location">
        <methods>
          <include name="setup"/>
        </methods>
      </class> <!-- com.avaya.sdmclient.location.Location -->
      <class name="com.avaya.sdmclient.automation.total">
        <methods>
          <include name="addLocation"/>
          <include name="StopVM" invocation-numbers="0"/>
          <include name="editLocation"/>
          <include name="EditVM" invocation-numbers="0"/>
          <include name="addVM" invocation-numbers="0"/>
          <include name="deleteLocation"/>
          <include name="setup"/>
          <include name="setup"/>
          <include name="setup"/>
          <include name="setup"/>
          <include name="setup"/>
          <include name="setup"/>
          <include name="setup"/>
          <include name="StartVM" invocation-numbers="0"/>
          <include name="DeleteVM" invocation-numbers="0"/>
          <include name="RefreshVM" invocation-numbers="0"/>
        </methods>
      </class> <!-- com.avaya.sdmclient.automation.total -->
      <class name="com.avaya.sdmclient.host.Host">
        <methods>
          <include name="setup"/>
        </methods>
      </class> <!-- com.avaya.sdmclient.host.Host -->
    </classes>
  </test> <!-- SecureAccessLinkGateway-2.5.1.0-vApp-e55-08.ova(failed) -->
  <test name="SM-7.0.0.0.700007-e55-02.ova(failed)">
    <parameter name="IP" value="148.147.162.221"/>
    <parameter name="VMName" value="SM-7.0.0.0.700007-e55-02.ova"/>
    <classes>
      <class name="com.avaya.sdmclient.location.Location">
        <methods>
          <include name="setup"/>
        </methods>
      </class> <!-- com.avaya.sdmclient.location.Location -->
      <class name="com.avaya.sdmclient.automation.total">
        <methods>
          <include name="addLocation"/>
          <include name="StopVM" invocation-numbers="0"/>
          <include name="editLocation"/>
          <include name="EditVM" invocation-numbers="0"/>
          <include name="addVM" invocation-numbers="0"/>
          <include name="deleteLocation"/>
          <include name="setup"/>
          <include name="setup"/>
          <include name="setup"/>
          <include name="setup"/>
          <include name="setup"/>
          <include name="setup"/>
          <include name="setup"/>
          <include name="StartVM" invocation-numbers="0"/>
          <include name="DeleteVM" invocation-numbers="0"/>
          <include name="RefreshVM" invocation-numbers="0"/>
        </methods>
      </class> <!-- com.avaya.sdmclient.automation.total -->
      <class name="com.avaya.sdmclient.host.Host">
        <methods>
          <include name="setup"/>
        </methods>
      </class> <!-- com.avaya.sdmclient.host.Host -->
    </classes>
  </test> <!-- SM-7.0.0.0.700007-e55-02.ova(failed) -->
  <test name="US-7.0.0.0.0.12-e55-01_OVF10.ova(failed)">
    <parameter name="IP" value="148.147.162.221"/>
    <parameter name="VMName" value="US-7.0.0.0.0.12-e55-01_OVF10.ova"/>
    <classes>
      <class name="com.avaya.sdmclient.location.Location">
        <methods>
          <include name="setup"/>
        </methods>
      </class> <!-- com.avaya.sdmclient.location.Location -->
      <class name="com.avaya.sdmclient.automation.total">
        <methods>
          <include name="addLocation"/>
          <include name="StopVM" invocation-numbers="0"/>
          <include name="editLocation"/>
          <include name="EditVM" invocation-numbers="0"/>
          <include name="addVM" invocation-numbers="0"/>
          <include name="deleteLocation"/>
          <include name="setup"/>
          <include name="setup"/>
          <include name="setup"/>
          <include name="setup"/>
          <include name="setup"/>
          <include name="setup"/>
          <include name="setup"/>
          <include name="StartVM" invocation-numbers="0"/>
          <include name="DeleteVM" invocation-numbers="0"/>
          <include name="RefreshVM" invocation-numbers="0"/>
        </methods>
      </class> <!-- com.avaya.sdmclient.automation.total -->
      <class name="com.avaya.sdmclient.host.Host">
        <methods>
          <include name="setup"/>
        </methods>
      </class> <!-- com.avaya.sdmclient.host.Host -->
    </classes>
  </test> <!-- US-7.0.0.0.0.12-e55-01_OVF10.ova(failed) -->
</suite> <!-- Failed suite [Suite1] -->
