<?xml version="1.0" encoding="UTF-8"?>
<!DOCTYPE suite SYSTEM "http://testng.org/testng-1.0.dtd">
<suite guice-stage="DEVELOPMENT" verbose="2" name="Failed suite [Suite1]">
  <parameter name="IP" value="148.147.162.225"/>
  <parameter name="VMName" value="MediaServer_7.7.0.226_A10_2015.07.02_OVF10.ova"/>
  <test name="MediaServer_7.7.0.226_A10_2015.07.02_OVF10.ova(failed)">
    <parameter name="IP" value="148.147.162.225"/>
    <parameter name="VMName" value="MediaServer_7.7.0.226_A10_2015.07.02_OVF10.ova"/>
    <classes>
      <class name="com.avaya.sdmclient.runnerdemo.c1">
        <methods>
          <include name="setup"/>
          <include name="RefreshVM" invocation-numbers="0"/>
          <include name="AddVMSuite" invocation-numbers="0"/>
        </methods>
      </class> <!-- com.avaya.sdmclient.runnerdemo.c1 -->
    </classes>
  </test> <!-- MediaServer_7.7.0.226_A10_2015.07.02_OVF10.ova(failed) -->
</suite> <!-- Failed suite [Suite1] -->
