<?xml version="1.0" encoding="UTF-8"?>
<!DOCTYPE suite SYSTEM "http://testng.org/testng-1.0.dtd">
<suite guice-stage="DEVELOPMENT" verbose="2" name="Failed suite [Suite1]">
  <parameter name="IP" value="148.147.162.225"/>
  <parameter name="VMName" value="AAM-07.0.0.0.441-e55-0.ova"/>
  <test name="AAM-07.0.0.0.441-e55-0.ova(failed)">
    <parameter name="IP" value="148.147.162.225"/>
    <parameter name="VMName" value="AAM-07.0.0.0.441-e55-0.ova"/>
    <classes>
      <class name="com.avaya.sdmclient.runnerdemo.SecondThreadNew">
        <methods>
          <include name="StopVM" invocation-numbers="0"/>
          <include name="RestartVM" invocation-numbers="0"/>
          <include name="TrustEstablish" invocation-numbers="0"/>
          <include name="EditVM" invocation-numbers="0"/>
          <include name="RefreshVM" invocation-numbers="0"/>
          <include name="setup"/>
          <include name="StartVM" invocation-numbers="0"/>
          <include name="AddVMSuite" invocation-numbers="0"/>
        </methods>
      </class> <!-- com.avaya.sdmclient.runnerdemo.SecondThreadNew -->
    </classes>
  </test> <!-- AAM-07.0.0.0.441-e55-0.ova(failed) -->
</suite> <!-- Failed suite [Suite1] -->
