<?xml version="1.0" encoding="UTF-8"?>
<!DOCTYPE suite SYSTEM "http://testng.org/testng-1.0.dtd">
<suite guice-stage="DEVELOPMENT" verbose="2" name="Failed suite [Suite1]">
  <parameter name="IP" value="148.147.162.221"/>
  <parameter name="VMName" value="US-7.0.0.0.0.12-e55-01_OVF10.ova"/>
  <test name="Host(failed)">
    <classes>
      <class name="com.avaya.sdmclient.location.Location">
        <methods>
          <include name="setup"/>
        </methods>
      </class> <!-- com.avaya.sdmclient.location.Location -->
      <class name="com.avaya.sdmclient.host.Host">
        <methods>
          <include name="setup"/>
          <include name="editHost"/>
        </methods>
      </class> <!-- com.avaya.sdmclient.host.Host -->
      <class name="com.avaya.sdmclient.automation.total">
        <methods>
          <include name="setup"/>
          <include name="setup"/>
          <include name="setup"/>
          <include name="setup"/>
          <include name="setup"/>
          <include name="setup"/>
        </methods>
      </class> <!-- com.avaya.sdmclient.automation.total -->
    </classes>
  </test> <!-- Host(failed) -->
  <test name="CM-Simplex-07.0.0.0.441-e55-0.ova(failed)">
    <parameter name="IP" value="148.147.162.221"/>
    <parameter name="VMName" value="CM-Simplex-07.0.0.0.441-e55-0.ova"/>
    <classes>
      <class name="com.avaya.sdmclient.location.Location">
        <methods>
          <include name="setup"/>
        </methods>
      </class> <!-- com.avaya.sdmclient.location.Location -->
      <class name="com.avaya.sdmclient.host.Host">
        <methods>
          <include name="setup"/>
        </methods>
      </class> <!-- com.avaya.sdmclient.host.Host -->
      <class name="com.avaya.sdmclient.automation.total">
        <methods>
          <include name="StopVM" invocation-numbers="0"/>
          <include name="EditVM" invocation-numbers="0"/>
          <include name="RestartVM" invocation-numbers="0"/>
          <include name="addVM" invocation-numbers="0"/>
          <include name="setup"/>
          <include name="setup"/>
          <include name="setup"/>
          <include name="setup"/>
          <include name="setup"/>
          <include name="setup"/>
          <include name="StartVM" invocation-numbers="0"/>
          <include name="DeleteVM" invocation-numbers="0"/>
          <include name="RefreshVM" invocation-numbers="0"/>
        </methods>
      </class> <!-- com.avaya.sdmclient.automation.total -->
    </classes>
  </test> <!-- CM-Simplex-07.0.0.0.441-e55-0.ova(failed) -->
  <test name="SecureAccessLinkGateway-2.5.1.0-vApp-e55-08.ova(failed)">
    <parameter name="IP" value="148.147.162.221"/>
    <parameter name="VMName" value="SecureAccessLinkGateway-2.5.1.0-vApp-e55-08.ova"/>
    <classes>
      <class name="com.avaya.sdmclient.location.Location">
        <methods>
          <include name="setup"/>
        </methods>
      </class> <!-- com.avaya.sdmclient.location.Location -->
      <class name="com.avaya.sdmclient.host.Host">
        <methods>
          <include name="setup"/>
        </methods>
      </class> <!-- com.avaya.sdmclient.host.Host -->
      <class name="com.avaya.sdmclient.automation.total">
        <methods>
          <include name="StopVM" invocation-numbers="0"/>
          <include name="EditVM" invocation-numbers="0"/>
          <include name="RestartVM" invocation-numbers="0"/>
          <include name="addVM" invocation-numbers="0"/>
          <include name="setup"/>
          <include name="setup"/>
          <include name="setup"/>
          <include name="setup"/>
          <include name="setup"/>
          <include name="setup"/>
          <include name="StartVM" invocation-numbers="0"/>
          <include name="DeleteVM" invocation-numbers="0"/>
          <include name="RefreshVM" invocation-numbers="0"/>
        </methods>
      </class> <!-- com.avaya.sdmclient.automation.total -->
    </classes>
  </test> <!-- SecureAccessLinkGateway-2.5.1.0-vApp-e55-08.ova(failed) -->
  <test name="SM-7.0.0.0.700007-e55-02.ova(failed)">
    <parameter name="IP" value="148.147.162.221"/>
    <parameter name="VMName" value="SM-7.0.0.0.700007-e55-02.ova"/>
    <classes>
      <class name="com.avaya.sdmclient.location.Location">
        <methods>
          <include name="setup"/>
        </methods>
      </class> <!-- com.avaya.sdmclient.location.Location -->
      <class name="com.avaya.sdmclient.host.Host">
        <methods>
          <include name="setup"/>
        </methods>
      </class> <!-- com.avaya.sdmclient.host.Host -->
      <class name="com.avaya.sdmclient.automation.total">
        <methods>
          <include name="StopVM" invocation-numbers="0"/>
          <include name="EditVM" invocation-numbers="0"/>
          <include name="RestartVM" invocation-numbers="0"/>
          <include name="addVM" invocation-numbers="0"/>
          <include name="setup"/>
          <include name="setup"/>
          <include name="setup"/>
          <include name="setup"/>
          <include name="setup"/>
          <include name="setup"/>
          <include name="StartVM" invocation-numbers="0"/>
          <include name="DeleteVM" invocation-numbers="0"/>
          <include name="RefreshVM" invocation-numbers="0"/>
        </methods>
      </class> <!-- com.avaya.sdmclient.automation.total -->
    </classes>
  </test> <!-- SM-7.0.0.0.700007-e55-02.ova(failed) -->
  <test name="SMGR-7.0.0.0.16266-e55-43-29.ova(failed)">
    <parameter name="IP" value="148.147.162.221"/>
    <parameter name="VMName" value="SMGR-7.0.0.0.16266-e55-43-29.ova"/>
    <classes>
      <class name="com.avaya.sdmclient.location.Location">
        <methods>
          <include name="setup"/>
        </methods>
      </class> <!-- com.avaya.sdmclient.location.Location -->
      <class name="com.avaya.sdmclient.host.Host">
        <methods>
          <include name="setup"/>
        </methods>
      </class> <!-- com.avaya.sdmclient.host.Host -->
      <class name="com.avaya.sdmclient.automation.total">
        <methods>
          <include name="StopVM" invocation-numbers="0"/>
          <include name="EditVM" invocation-numbers="0"/>
          <include name="RestartVM" invocation-numbers="0"/>
          <include name="addVM" invocation-numbers="0"/>
          <include name="setup"/>
          <include name="setup"/>
          <include name="setup"/>
          <include name="setup"/>
          <include name="setup"/>
          <include name="setup"/>
          <include name="StartVM" invocation-numbers="0"/>
          <include name="DeleteVM" invocation-numbers="0"/>
          <include name="RefreshVM" invocation-numbers="0"/>
        </methods>
      </class> <!-- com.avaya.sdmclient.automation.total -->
    </classes>
  </test> <!-- SMGR-7.0.0.0.16266-e55-43-29.ova(failed) -->
  <test name="System_Manager_R7.0.1.0_S3_701034160.bin(failed)">
    <parameter name="IP" value="148.147.162.221"/>
    <parameter name="VMName" value="System_Manager_R7.0.1.0_S3_701034160.bin"/>
    <classes>
      <class name="com.avaya.sdmclient.location.Location">
        <methods>
          <include name="setup"/>
        </methods>
      </class> <!-- com.avaya.sdmclient.location.Location -->
      <class name="com.avaya.sdmclient.host.Host">
        <methods>
          <include name="setup"/>
        </methods>
      </class> <!-- com.avaya.sdmclient.host.Host -->
      <class name="com.avaya.sdmclient.automation.total">
        <methods>
          <include name="StopVM" invocation-numbers="0"/>
          <include name="EditVM" invocation-numbers="0"/>
          <include name="RestartVM" invocation-numbers="0"/>
          <include name="addVM" invocation-numbers="0"/>
          <include name="setup"/>
          <include name="setup"/>
          <include name="setup"/>
          <include name="setup"/>
          <include name="setup"/>
          <include name="setup"/>
          <include name="StartVM" invocation-numbers="0"/>
          <include name="DeleteVM" invocation-numbers="0"/>
          <include name="RefreshVM" invocation-numbers="0"/>
        </methods>
      </class> <!-- com.avaya.sdmclient.automation.total -->
    </classes>
  </test> <!-- System_Manager_R7.0.1.0_S3_701034160.bin(failed) -->
  <test name="US-7.0.0.0.0.12-e55-01_OVF10.ova(failed)">
    <parameter name="IP" value="148.147.162.221"/>
    <parameter name="VMName" value="US-7.0.0.0.0.12-e55-01_OVF10.ova"/>
    <classes>
      <class name="com.avaya.sdmclient.location.Location">
        <methods>
          <include name="setup"/>
        </methods>
      </class> <!-- com.avaya.sdmclient.location.Location -->
      <class name="com.avaya.sdmclient.host.Host">
        <methods>
          <include name="setup"/>
        </methods>
      </class> <!-- com.avaya.sdmclient.host.Host -->
      <class name="com.avaya.sdmclient.automation.total">
        <methods>
          <include name="StopVM" invocation-numbers="0"/>
          <include name="EditVM" invocation-numbers="0"/>
          <include name="RestartVM" invocation-numbers="0"/>
          <include name="addVM" invocation-numbers="0"/>
          <include name="setup"/>
          <include name="setup"/>
          <include name="setup"/>
          <include name="setup"/>
          <include name="setup"/>
          <include name="setup"/>
          <include name="StartVM" invocation-numbers="0"/>
          <include name="DeleteVM" invocation-numbers="0"/>
          <include name="RefreshVM" invocation-numbers="0"/>
        </methods>
      </class> <!-- com.avaya.sdmclient.automation.total -->
    </classes>
  </test> <!-- US-7.0.0.0.0.12-e55-01_OVF10.ova(failed) -->
</suite> <!-- Failed suite [Suite1] -->
