<?xml version="1.0" encoding="UTF-8"?>
<!DOCTYPE suite SYSTEM "http://testng.org/testng-1.0.dtd">
<suite guice-stage="DEVELOPMENT" verbose="2" name="Failed suite [Concurrent Suite]">
  <parameter name="IP" value="148.147.162.221"/>
  <parameter name="VMName" value="SM-7.0.0.0.700007-e55-01.ova"/>
  <test name="SM-7.0.0.0.700007-e55-01.ova(failed)">
    <parameter name="IP" value="148.147.162.221"/>
    <parameter name="VMName" value="SM-7.0.0.0.700007-e55-01.ova"/>
    <classes>
      <class name="com.avaya.sdmclient.runnerdemo.sdmSMGRConcurrent">
        <methods>
          <include name="EditHost"/>
          <include name="setup"/>
        </methods>
      </class> <!-- com.avaya.sdmclient.runnerdemo.sdmSMGRConcurrent -->
      <class name="com.avaya.sdmclient.vcenter.VCEdit">
        <methods>
          <include name="editVC"/>
        </methods>
      </class> <!-- com.avaya.sdmclient.vcenter.VCEdit -->
    </classes>
  </test> <!-- SM-7.0.0.0.700007-e55-01.ova(failed) -->
</suite> <!-- Failed suite [Concurrent Suite] -->
