<?xml version="1.0" encoding="UTF-8"?>
<!DOCTYPE suite SYSTEM "http://testng.org/testng-1.0.dtd">
<suite guice-stage="DEVELOPMENT" verbose="2" name="Failed suite [Suite1]">
  <parameter name="IP" value="148.147.162.225"/>
  <parameter name="VMName" value="US-7.0.0.0.0.12-e55-01_OVF10.ova"/>
  <test name="US-7.0.0.0.0.12-e55-01_OVF10.ova(failed)">
    <parameter name="IP" value="148.147.162.225"/>
    <parameter name="VMName" value="US-7.0.0.0.0.12-e55-01_OVF10.ova"/>
    <classes>
      <class name="com.avaya.sdmclient.runnerdemo.SecondThread">
        <methods>
          <include name="setup"/>
          <include name="RefreshVM" invocation-numbers="0"/>
        </methods>
      </class> <!-- com.avaya.sdmclient.runnerdemo.SecondThread -->
    </classes>
  </test> <!-- US-7.0.0.0.0.12-e55-01_OVF10.ova(failed) -->
</suite> <!-- Failed suite [Suite1] -->
